Cluster,Recency,Frequency,Monetary,count,label
0,394.07042253521126,1.391115926327194,305.4468905742145,1846,At Risk
1,27.710106382978722,3.0886524822695036,817.7355762411347,1128,Loyal
2,25.443579766536963,19.60019455252918,9441.327266536964,1028,Champions
3,220.82533733133434,5.377061469265367,1854.7689955022488,1334,Potential
