ClusterLabel,customers,customer_pct,recency_mean,frequency_mean,monetary_mean,monetary_median,revenue_total,revenue_pct
Champions,1028,19.26536731634183,25.443579766536963,19.60019455252918,9441.327266536964,4842.215,9705684.43,71.01959203755538
Loyal,1128,21.13943028485757,27.710106382978722,3.0886524822695036,817.7355762411347,705.4549999999999,922405.73,6.749537254190682
Potential,1334,25.0,220.82533733133434,5.377061469265367,1854.7689955022488,1441.69,2474261.84,18.104963924825558
At Risk,1846,34.5952023988006,394.07042253521126,1.391115926327194,305.4468905742145,258.625,563854.96,4.12590678342837
